m_ea_s_do_d3_bito,media,dp
Abril,5300.333333333333,190.95898337950308
